id,name,height_m,lat,lon,gridref,region
1,Ben Nevis,1344.5,56.79656,-5.00393,NN166712,Fort William to Loch Treig & Loch Leven
2,Ben Macdui,1309.3,57.07043,-3.66991,NN988989,Cairngorms
3,Braeriach,1295.5,57.07863,-3.72802,NN953999,Cairngorms
4,Cairn Toul,1292.4,57.05461,-3.71042,NN963972,Cairngorms
5,Sgor an Lochain Uaine,1258.0,57.058,-3.72542,NN954976,Cairngorms
6,Cairn Gorm,1244.8,57.1166,-3.64391,NJ005040,Cairngorms
7,Aonach Beag,1234.2,56.80046,-4.95346,NN197715,Fort William to Loch Treig & Loch Leven
8,Càrn Mòr Dearg,1221.1,56.80506,-4.98659,NN177721,Fort William to Loch Treig & Loch Leven
9,Aonach Mòr,1220.4,56.81286,-4.96099,NN193729,Fort William to Loch Treig & Loch Leven
10,Ben Lawers,1214.3,56.54517,-4.22092,NN635414,Glen Lyon to Glen Dochart & Loch Tay
11,Beinn a' Bhùird,1196.0,57.08787,-3.49907,NJ092006,Cairngorms
12,Beinn Mheadhoin,1182.9,57.09545,-3.61161,NJ024016,Cairngorms
13,Càrn Eige,1182.8,57.2873,-5.11521,NH123261,Loch Duich to Cannich
14,Mam Sodhail,1179.4,57.28,-5.11958,NH120253,Loch Duich to Cannich
15,Stob Choire Claurigh,1178.3,56.82353,-4.85037,NN261738,Fort William to Loch Treig & Loch Leven
16,Ben More,1173.9,56.38625,-4.54054,NN432244,Loch Lomond to Strathyre
17,Ben Avon,1172.0,57.09939,-3.43516,NJ131018,Cairngorms
18,Stob Binnein,1164.8,56.37106,-4.53629,NN434227,Loch Lomond to Strathyre
19,Beinn Bhrotain,1157.0,57.00951,-3.72317,NN954922,Cairngorms
20,Derry Cairngorm,1155.8,57.06298,-3.62175,NO017980,Cairngorms
21,Lochnagar,1155.7,56.96037,-3.24562,NO243861,Braemar to Montrose
22,Sgurr na Lapaich,1151.9,57.36957,-5.05897,NH161351,Killilan to Inverness
23,Sgurr nan Ceathreamhnan,1149.7,57.25494,-5.22194,NH057228,Loch Duich to Cannich
24,Bidean nam Bian,1149.4,56.64314,-5.02924,NN143542,Loch Linnhe to Loch Etive
25,Ben Alder,1148.0,56.81378,-4.46455,NN496718,Loch Treig to Loch Ericht
26,Ben Lui,1131.4,56.39661,-4.81026,NN266262,Inveraray to Crianlarich
27,Geal-Chàrn,1131.4,56.83802,-4.51041,NN469746,Loch Treig to Loch Ericht
28,Binnein Mòr,1129.4,56.75438,-4.92529,NN212663,Fort William to Loch Treig & Loch Leven
29,Creag Meagaidh,1128.1,56.95208,-4.60195,NN418875,Loch Lochy to Loch Laggan
30,An Riabhachan,1127.7,57.36216,-5.10493,NH133344,Killilan to Inverness
31,Ben Cruachan,1127.0,56.42665,-5.13203,NN069304,Glen Etive to Glen Lochy
32,Meall Garbh,1123.1,56.56607,-4.2075,NN644437,Glen Lyon to Glen Dochart & Loch Tay
33,Beinn a' Ghlo - Càrn nan Gabhar,1121.9,56.84018,-3.68751,NN971733,Pitlochry to Braemar & Blairgowrie
34,A' Chraileag,1119.2,57.18385,-5.1545,NH094147,Glen Affric to Glen Moriston
35,An Stuc,1117.1,56.56051,-4.21694,NN638431,Glen Lyon to Glen Dochart & Loch Tay
36,Stob Coire an Laoigh,1116.7,56.81104,-4.88547,NN239725,Fort William to Loch Treig & Loch Leven
37,Stob Coire Easain,1116.2,56.81809,-4.77292,NN308730,Fort William to Loch Treig & Loch Leven
38,Sgor Gaoith,1116.0,57.06849,-3.81003,NN903989,Cairngorms
39,Aonach Beag (Ben Alder),1115.8,56.83314,-4.52975,NN457741,Loch Treig to Loch Ericht
40,Monadh Mòr,1113.4,57.0271,-3.75035,NN938942,Cairngorms
41,Tom a' Choinich,1112.7,57.29973,-5.04819,NH164273,Loch Duich to Cannich
42,Càrn a' Choire Bhoidheach,1109.9,56.94572,-3.27307,NO226845,Braemar to Montrose
43,Sgurr nan Conbhairean,1109.0,57.17722,-5.09601,NH129138,Glen Affric to Glen Moriston
44,Sgurr Mòr (Fannaichs),1108.9,57.70045,-5.01633,NH203718,The Fannaichs
45,Meall a' Bhuiridh,1107.9,56.61227,-4.85235,NN250503,Glen Etive to Glen Lochy
46,Stob a' Choire Mheadhoin,1106.6,56.82376,-4.76023,NN316736,Fort William to Loch Treig & Loch Leven
47,Beinn Ghlas,1103.4,56.5359,-4.23665,NN625404,Glen Lyon to Glen Dochart & Loch Tay
48,Beinn Eibhinn,1103.3,56.82569,-4.54237,NN449733,Loch Treig to Loch Ericht
49,Mullach Fraoch-choire,1100.9,57.20538,-5.15633,NH094171,Glen Affric to Glen Moriston
50,Creise,1099.8,56.61451,-4.87208,NN238506,Glen Etive to Glen Lochy
51,Sgurr a' Mhaim,1099.0,56.75611,-5.00397,NN164667,Fort William to Loch Treig & Loch Leven
52,Sgurr Choinnich Mòr,1094.0,56.80071,-4.90433,NN227714,Fort William to Loch Treig & Loch Leven
53,Sgurr nan Clach Geala,1093.4,57.6961,-5.04786,NH184714,The Fannaichs
54,Bynack More,1090.4,57.13801,-3.58537,NJ041063,Cairngorms
55,Stob Ghabhar,1089.2,56.56845,-4.88161,NN230455,Glen Etive to Glen Lochy
56,Beinn a' Chlachair,1087.8,56.8695,-4.50924,NN471781,Loch Treig to Loch Ericht
57,Beinn Dearg (Ullapool),1084.0,57.78608,-4.92925,NH259811,Loch Broom to Strath Oykel
58,Sgurr a' Choire Ghlais,1083.7,57.44426,-4.90352,NH258430,Kyle of Lochalsh to Garve
59,Schiehallion,1083.3,56.66677,-4.10078,NN713547,Loch Rannoch to Glen Lyon
60,Beinn a' Chaorainn (Cairngorms),1083.3,57.0932,-3.57686,NJ045013,Cairngorms
61,Beinn a' Chreachain,1080.6,56.56016,-4.64822,NN373440,Loch Rannoch to Glen Lyon
62,Ben Starav,1079.5,56.53925,-5.05021,NN125427,Glen Etive to Glen Lochy
63,Beinn Heasgarnich,1077.4,56.51037,-4.57972,NN413383,Glen Lyon to Glen Dochart & Loch Tay
64,Beinn Dorain,1076.0,56.50283,-4.72223,NN325378,Loch Rannoch to Glen Lyon
65,Stob Coire Sgreamhach,1071.6,56.63819,-5.0109,NN154536,Loch Linnhe to Loch Etive
66,Beinn a' Ghlò - Bràigh Coire Chruinn-bhalgain,1070.0,56.83152,-3.72974,NN945724,Pitlochry to Braemar & Blairgowrie
67,An Socach (Mullardoch),1069.6,57.35003,-5.15877,NH100332,Killilan to Inverness
68,Sgurr Fhuaran,1068.7,57.19592,-5.34761,NG978166,Loch Duich to Cannich
69,Glas Maol,1067.7,56.87283,-3.36904,NO166765,Braemar to Montrose
70,Meall Corranaich,1067.2,56.54099,-4.25321,NN615410,Glen Lyon to Glen Dochart & Loch Tay
71,Cairn of Claise,1063.1,56.89383,-3.33861,NO185788,Braemar to Montrose
72,An Teallach - Bidein a' Ghlas Thuill,1062.6,57.80695,-5.25254,NH068843,Loch Maree to Loch Broom
73,An Teallach - Sgurr Fiona,1058.7,57.8005,-5.25869,NH064836,Loch Maree to Loch Broom
74,Liathach - Spidean a' Choire Leith,1054.8,57.56405,-5.46333,NG929579,Loch Torridon to Loch Maree
75,Na Gruagaichean,1054.2,56.74417,-4.93922,NN203652,Fort William to Loch Treig & Loch Leven
76,Toll Creagach,1053.7,57.309,-4.99913,NH194282,Loch Duich to Cannich
77,Sgùrr a' Chaorachain,1053.0,57.45263,-5.1893,NH087447,Kyle of Lochalsh to Garve
78,Stob Poite Coire Ardair,1052.5,56.96409,-4.58634,NN428888,Loch Lochy to Loch Laggan
79,Glas Tulaichean,1051.0,56.86613,-3.55744,NO051760,Pitlochry to Braemar & Blairgowrie
80,Geal Charn (Ardverikie),1049.7,56.8975,-4.45692,NN504811,Loch Treig to Loch Ericht
81,Sgurr Fhuar-thuill,1049.2,57.44965,-4.94229,NH235437,Kyle of Lochalsh to Garve
82,Beinn a' Chaorainn (Glen Spean),1049.1,56.92854,-4.65291,NN386850,Loch Lochy to Loch Laggan
83,Chno Dearg,1047.5,56.83042,-4.66072,NN377741,Loch Treig to Loch Ericht
84,Càrn an t-Sagairt Mòr,1047.0,56.94272,-3.30256,NO208842,Braemar to Montrose
85,Creag Mhòr,1046.8,56.48988,-4.61407,NN391361,Glen Lyon to Glen Dochart & Loch Tay
86,Ben Wyvis,1046.0,57.67865,-4.58002,NH462683,Loch Vaich to Moray Firth
87,Cruach Ardrain,1045.9,56.35677,-4.57581,NN409212,Loch Lomond to Strathyre
88,Beinn Iutharn Mhòr,1045.0,56.89475,-3.56848,NO045792,Pitlochry to Braemar & Blairgowrie
89,Stob Coir'an Albannaich,1044.9,56.55534,-4.97989,NN169443,Glen Etive to Glen Lochy
90,Meall nan Tarmachan,1043.6,56.52125,-4.30081,NN585389,Glen Lyon to Glen Dochart & Loch Tay
91,Càrn Mairg,1043.0,56.63454,-4.14627,NN684512,Loch Rannoch to Glen Lyon
92,Sgùrr na Cìche,1040.2,57.01318,-5.4564,NM902966,Knoydart to Glen Kingie
93,Meall Ghaordaidh,1039.8,56.52624,-4.41656,NN514397,Glen Lyon to Glen Dochart & Loch Tay
94,Sgurr a' Bhealaich Dheirg,1039.1,57.17777,-5.25163,NH035143,Loch Duich to Cannich
95,Càrn a' Mhaim,1039.1,57.03644,-3.6585,NN994951,Cairngorms
96,Beinn Achaladair,1038.6,56.55197,-4.69484,NN344432,Loch Rannoch to Glen Lyon
97,Gleouraich,1035.1,57.09723,-5.23796,NH039053,Glen Shiel to Loch Hourn and Loch Quoich
98,Càrn Dearg (Ossian),1034.1,56.85532,-4.45416,NN504764,Loch Treig to Loch Ericht
99,Beinn Fhada,1031.9,57.22099,-5.2836,NH018192,Loch Duich to Cannich
100,Am Bodach,1031.8,56.74133,-4.98316,NN176650,Fort William to Loch Treig & Loch Leven
101,Ben Oss,1029.8,56.3893,-4.77569,NN287253,Inveraray to Crianlarich
102,Càrn Gorm (Glen Lyon),1029.5,56.62237,-4.22546,NN635500,Loch Rannoch to Glen Lyon
103,Càrn an Rìgh,1029.0,56.87643,-3.59561,NO028772,Pitlochry to Braemar & Blairgowrie
104,Sgurr na Ciste Duibhe,1027.0,57.18094,-5.33632,NG984149,Loch Duich to Cannich
105,Sgurr a' Mhaoraich,1026.6,57.10561,-5.32955,NG984065,Glen Shiel to Loch Hourn and Loch Quoich
106,Beinn Challuim,1024.9,56.45471,-4.61977,NN386322,Glen Lyon to Glen Dochart & Loch Tay
107,Beinn a' Bheithir - Sgorr Dhearg,1024.2,56.65396,-5.17208,NN056558,Loch Linnhe to Loch Etive
108,Liathach - Mullach an Rathain,1023.9,57.56053,-5.4931,NG911576,Loch Torridon to Loch Maree
109,Buachaille Etive Mòr - Stob Dearg,1021.4,56.6462,-4.90059,NN222542,Loch Linnhe to Loch Etive
110,Ladhar Bheinn,1019.4,57.07501,-5.59091,NG824039,Knoydart to Glen Kingie
111,Aonach air Chrith,1019.4,57.12464,-5.22052,NH051083,Glen Shiel to Loch Hourn and Loch Quoich
112,Beinn Bheoil,1019.0,56.81355,-4.43012,NN517717,Loch Treig to Loch Ericht
113,Mullach Clach a' Bhlair,1019.0,57.01231,-3.84188,NN882927,Cairngorms
114,Càrn an Tuirc,1018.8,56.908,-3.35719,NO174804,Braemar to Montrose
115,Mullach Coire Mhic Fhearchair,1015.2,57.70941,-5.27064,NH052735,Loch Maree to Loch Broom
116,Garbh Chioch Mhòr,1012.9,57.00901,-5.44447,NM909961,Knoydart to Glen Kingie
117,Beinn Ìme,1012.2,56.23644,-4.81788,NN254084,Inveraray to Crianlarich
118,The Saddle,1011.4,57.16267,-5.41409,NG936131,Glen Shiel to Loch Hourn and Loch Quoich
119,Cairn Bannoch,1011.1,56.92769,-3.27903,NO222825,Braemar to Montrose
120,Beinn Udlamain,1010.2,56.83524,-4.32988,NN579739,Loch Ericht to Glen Tromie & Glen Garry
121,Beinn Eighe - Ruadh-stac Mòr,1010.0,57.59374,-5.42932,NG951611,Loch Torridon to Loch Maree
122,Sgurr an Doire Leathain,1010.0,57.13655,-5.28107,NH015098,Glen Shiel to Loch Hourn and Loch Quoich
123,Beinn Dearg (Blair Atholl),1008.7,56.8778,-3.88449,NN852778,Glen Tromie to Glen Tilt
124,Sgurr Eilde Mòr,1008.1,56.74969,-4.89548,NN230657,Fort William to Loch Treig & Loch Leven
125,The Devil's Point,1006.9,57.03604,-3.68814,NN976951,Cairngorms
126,An Sgarsoch,1006.5,56.93181,-3.7541,NN933836,Glen Tromie to Glen Tilt
127,Càrn Liath (Creag Meagaidh),1006.1,56.97903,-4.51496,NN472903,Loch Lochy to Loch Laggan
128,Maoile Lunndaidh,1004.9,57.46449,-5.11027,NH135458,Kyle of Lochalsh to Garve
129,Beinn Fhionnlaidh (Affric),1004.7,57.3058,-5.13007,NH115282,Loch Duich to Cannich
130,Sgurr an Lochain,1004.0,57.1415,-5.29805,NH005104,Glen Shiel to Loch Hourn and Loch Quoich
131,Sgurr Mor (Loch Quoich),1003.0,57.02855,-5.35397,NM965980,Knoydart to Glen Kingie
132,Beinn an Dothaidh,1002.3,56.52997,-4.71442,NN331408,Loch Rannoch to Glen Lyon
133,Beinn a' Bheithir - Sgorr Dhonuill,1002.1,56.6506,-5.19791,NN040555,Loch Linnhe to Loch Etive
134,Sgurr na Carnach,1002.0,57.1887,-5.34861,NG977158,Loch Duich to Cannich
135,Aonach Meadhoin,1001.9,57.17295,-5.22969,NH048137,Loch Duich to Cannich
136,Meall Greigh,1000.7,56.56783,-4.15877,NN674438,Glen Lyon to Glen Dochart & Loch Tay
137,Stob Bàn (Mamores),999.7,56.74377,-5.03079,NN147654,Fort William to Loch Treig & Loch Leven
138,Sgurr Breac,999.6,57.69235,-5.09119,NH158711,The Fannaichs
139,Sgurr Choinnich,999.3,57.45126,-5.20752,NH076446,Kyle of Lochalsh to Garve
140,Stob Daimh,999.2,56.43125,-5.09185,NN094308,Glen Etive to Glen Lochy
141,Sail Chaorainn,999.2,57.19173,-5.0906,NH133154,Glen Affric to Glen Moriston
142,Ben More Assynt,998.9,58.13819,-4.85787,NC318201,Scourie to Lairg
143,A' Chailleach (Fannaichs),998.6,57.69414,-5.12827,NH136714,The Fannaichs
144,Glas Bheinn Mhòr,997.7,56.54216,-5.00489,NN153429,Glen Etive to Glen Lochy
145,Broad Cairn,997.1,56.91901,-3.24917,NO240815,Braemar to Montrose
146,An Caisteal,995.9,56.33866,-4.62475,NN378193,Loch Lomond to Strathyre
147,Spidean Mialach,995.9,57.08936,-5.19434,NH065043,Glen Shiel to Loch Hourn and Loch Quoich
148,Sgurr na h-Ulaidh,994.0,56.61943,-5.07951,NN111517,Loch Linnhe to Loch Etive
149,Carn an Fhidhleir,994.0,56.93562,-3.80194,NN904841,Glen Tromie to Glen Tilt
150,Sgurr na Ruaidhe,993.0,57.44185,-4.85165,NH289426,Kyle of Lochalsh to Garve
151,Beinn Eighe - Spidean Coire nan Clach,993.0,57.58187,-5.4031,NG966597,Loch Torridon to Loch Maree
152,Càrn nan Gobhar (Mullardoch),992.3,57.3632,-5.02518,NH181343,Killilan to Inverness
153,Sgùrr Alasdair,992.0,57.20635,-6.22333,NG450207,Minginish and the Cuillin Hills
154,Càrn nan Gobhar (Strathfarrar),992.0,57.45201,-4.87912,NH273438,Kyle of Lochalsh to Garve
155,Sgairneach Mhòr,991.4,56.82863,-4.29833,NN598731,Loch Ericht to Glen Tromie & Glen Garry
156,Beinn Eunaich,990.3,56.44994,-5.02682,NN135327,Glen Etive to Glen Lochy
157,Sgurr Bàn (Fisherfield),989.0,57.71851,-5.26643,NH055745,Loch Maree to Loch Broom
158,Creag Leacach,988.2,56.85465,-3.38805,NO154745,Braemar to Montrose
159,Conival,987.6,58.13583,-4.88317,NC303199,Scourie to Lairg
160,Lurg Mhòr,987.5,57.41309,-5.22417,NH064404,Kyle of Lochalsh to Garve
161,Beinn Alligin - Sgùrr Mhòr,986.0,57.59066,-5.573,NG865612,Loch Torridon to Loch Maree
162,Sgùrr Dearg (Inaccessible Pinnacle),985.8,57.21318,-6.23406,NG444215,Minginish and the Cuillin Hills
163,Ben Vorlich (Loch Earn),985.3,56.343,-4.21887,NN629189,Strathyre to Strathallan
164,Druim Shionnach,985.2,57.12651,-5.18267,NH074084,Glen Shiel to Loch Hourn and Loch Quoich
165,Gulvain,983.2,56.936,-5.2848,NN002875,Mallaig to Fort William
166,Meall nan Aighean,982.1,56.62046,-4.12918,NN694496,Loch Rannoch to Glen Lyon
167,Mullach na Dheiragain,982.0,57.28372,-5.18628,NH080259,Loch Duich to Cannich
168,An Gearanach,981.5,56.7588,-4.96655,NN187669,Fort William to Loch Treig & Loch Leven
169,Beinn a' Chochuill,981.3,56.4498,-5.06901,NN109328,Glen Etive to Glen Lochy
170,Stob Coire a' Chairn,981.3,56.75065,-4.96918,NN185660,Fort William to Loch Treig & Loch Leven
171,Slioch,981.2,57.66696,-5.34733,NH004690,Loch Maree to Loch Broom
172,Ciste Dhubh,981.1,57.19955,-5.20883,NH062166,Loch Duich to Cannich
173,Maol Chinn-dearg,980.3,57.12742,-5.25217,NH032087,Glen Shiel to Loch Hourn and Loch Quoich
174,Stob Coire Sgriodain,979.1,56.83147,-4.69522,NN356743,Loch Treig to Loch Ericht
175,Beinn Dubhchraig,978.6,56.39092,-4.7434,NN307254,Inveraray to Crianlarich
176,Cona' Mheall,977.8,57.79118,-4.90273,NH275816,Loch Broom to Strath Oykel
177,Stob Bàn (Grey Corries),977.0,56.81026,-4.84116,NN266723,Fort William to Loch Treig & Loch Leven
178,Meall nan Ceapraichean,976.8,57.79856,-4.93363,NH257825,Loch Broom to Strath Oykel
179,Càrn a' Gheoidh,976.1,56.87353,-3.46587,NO107767,Pitlochry to Braemar & Blairgowrie
180,Beinn a' Ghlò - Càrn Liath,975.8,56.80797,-3.74339,NN936698,Pitlochry to Braemar & Blairgowrie
181,Beinn Sgritheall,974.0,57.15353,-5.58032,NG835126,Glen Shiel to Loch Hourn and Loch Quoich
182,Ben Lomond,973.7,56.1902,-4.63233,NN367028,Loch Lomond to Strathyre
183,A' Mharconaich,973.2,56.85664,-4.29021,NN604762,Loch Ericht to Glen Tromie & Glen Garry
184,Stuc a' Chroin,973.0,56.32919,-4.23748,NN617174,Strathyre to Strathallan
185,Sgurr a' Ghreadaidh,972.1,57.22757,-6.23405,NG445231,Minginish and the Cuillin Hills
186,Aonach Eagach - Sgorr nam Fiannaidh,967.7,56.6798,-5.03708,NN140583,Loch Leven to Rannoch Station
187,Meall Garbh (Carn Mairg),967.5,56.63708,-4.20676,NN647516,Loch Rannoch to Glen Lyon
188,Sgùrr nan Gillean,966.1,57.24872,-6.19335,NG471253,Minginish and the Cuillin Hills
189,Ben More (Mull),966.0,56.42458,-6.01444,NM525330,Mull and Nearby Islands
190,A' Mhaighdean,965.8,57.71999,-5.34719,NH007749,Loch Maree to Loch Broom
191,Sgurr na Banachdaich,965.5,57.22102,-6.24159,NG440224,Minginish and the Cuillin Hills
192,Càrn a' Chlamain,963.5,56.86136,-3.78032,NN915758,Glen Tromie to Glen Tilt
193,Sgurr Thuilm,963.0,56.93682,-5.38848,NM939879,Mallaig to Fort William
194,Ben Klibreck - Meall nan Con,962.1,58.23549,-4.4108,NC585299,Altnaharra to Dornoch
195,Sgorr Ruadh,960.7,57.49906,-5.40707,NG959505,Applecross to Achnasheen
196,Stuchd an Lochain,959.5,56.57102,-4.46989,NN483448,Loch Rannoch to Glen Lyon
197,Beinn Fhionnlaidh (Glen Creran),959.4,56.60084,-5.10407,NN095497,Loch Linnhe to Loch Etive
198,Meall Glas,959.3,56.45533,-4.54677,NN431321,Glen Lyon to Glen Dochart & Loch Tay
199,Beinn nan Aighenan,959.0,56.52043,-5.0113,NN148405,Glen Etive to Glen Lochy
200,Bruach na Frithe,958.8,57.24722,-6.21143,NG460252,Minginish and the Cuillin Hills
201,Saileag,958.2,57.18148,-5.28175,NH017148,Loch Duich to Cannich
202,Tolmount,957.8,56.90504,-3.29796,NO210800,Braemar to Montrose
203,Tom Buidhe,957.8,56.89341,-3.29264,NO213787,Braemar to Montrose
204,Buachaille Etive Beag - Stob Dubh,956.7,56.63827,-4.97012,NN179535,Loch Linnhe to Loch Etive
205,Sgurr nan Coireachan (Glenfinnan),956.3,56.93606,-5.44925,NM902880,Mallaig to Fort William
206,Càrn Ghluasaid,956.3,57.16621,-5.06861,NH145125,Glen Affric to Glen Moriston
207,Sgor Gaibhre,954.7,56.77258,-4.54695,NN444674,Loch Treig to Loch Ericht
208,Beinn Liath Mhòr Fannaich,954.2,57.70647,-4.98997,NH219724,The Fannaichs
209,Sgurr nan Coireachan (Glen Dessarry),953.8,57.0074,-5.40478,NM933958,Knoydart to Glen Kingie
210,Buachaille Etive Mòr - Stob na Bròige,953.4,56.62973,-4.95151,NN190525,Loch Linnhe to Loch Etive
211,Am Faochagach,952.8,57.77162,-4.85407,NH303793,Loch Broom to Strath Oykel
212,Beinn Mhanach,952.5,56.53413,-4.6464,NN373411,Loch Rannoch to Glen Lyon
213,Aonach Eagach - Meall Dearg,952.3,56.68063,-5.00285,NN161583,Loch Leven to Rannoch Station
214,Meall Chuaich,950.8,56.96401,-4.11255,NN716878,Loch Ericht to Glen Tromie & Glen Garry
215,Meall Gorm,949.7,57.68054,-4.98448,NH221695,The Fannaichs
216,Beinn Bhuidhe,948.5,56.32696,-4.90705,NN203187,Inveraray to Crianlarich
217,Sgurr Mhic Choinnich,948.1,57.20904,-6.22364,NG450210,Minginish and the Cuillin Hills
218,Driesh,947.6,56.84766,-3.19596,NO271735,Braemar to Montrose
219,Creag a' Mhaim,946.2,57.12077,-5.1607,NH087077,Glen Shiel to Loch Hourn and Loch Quoich
220,Beinn Tulaichean,945.8,56.34264,-4.56353,NN416196,Loch Lomond to Strathyre
221,Càrn Dearg (Monadh Liath),945.7,57.09184,-4.25352,NH635023,Glen Albyn and the Monadh Liath
222,Sgurr na Sgine,945.7,57.14697,-5.39611,NG946113,Glen Shiel to Loch Hourn and Loch Quoich
223,Meall Buidhe (Knoydart),945.5,57.03131,-5.54711,NM848989,Knoydart to Glen Kingie
224,Càrn Bhac,945.1,56.93079,-3.56014,NO051832,Pitlochry to Braemar & Blairgowrie
225,Stob a' Choire Odhair,945.0,56.57305,-4.83799,NN257459,Glen Etive to Glen Lochy
226,Bidein a' Choire Sheasgaich,945.0,57.41962,-5.24973,NH049412,Kyle of Lochalsh to Garve
227,Sgurr Dubh Mor,944.1,57.20495,-6.21157,NG457205,Minginish and the Cuillin Hills
228,Ben Vorlich (Loch Lomond),942.8,56.27383,-4.75439,NN295124,Inveraray to Crianlarich
229,An Socach (Braemar),942.8,56.90172,-3.51295,NO079799,Pitlochry to Braemar & Blairgowrie
230,Binnein Beag,941.5,56.76729,-4.91157,NN221677,Fort William to Loch Treig & Loch Leven
231,Beinn a' Chroin,941.4,56.33179,-4.60972,NN387185,Loch Lomond to Strathyre
232,Carn Dearg (Corrour),941.0,56.76,-4.59028,NN417661,Loch Treig to Loch Ericht
233,Càrn na Caim,940.8,56.91174,-4.17366,NN677821,Loch Ericht to Glen Tromie & Glen Garry
234,Mount Keen,939.4,56.96998,-2.97288,NO409869,Braemar to Montrose
235,Mullach nan Coirean,939.3,56.74995,-5.07219,NN122662,Fort William to Loch Treig & Loch Leven
236,Luinne Bheinn,938.6,57.04843,-5.51411,NG869007,Knoydart to Glen Kingie
237,Sron a' Choire Ghairbh,936.2,57.00777,-4.9287,NN222945,Loch Arkaig to Glen Moriston
238,A' Bhuidheanach Bheag,936.0,56.86996,-4.19913,NN660775,Loch Ericht to Glen Tromie & Glen Garry
239,Beinn Sgulaird,935.0,56.56593,-5.16959,NN053460,Loch Linnhe to Loch Etive
240,Beinn na Lap,935.0,56.7891,-4.65943,NN376695,Loch Treig to Loch Ericht
241,Meall a' Chrasgaidh,934.4,57.71314,-5.0493,NH184733,The Fannaichs
242,Am Basteir,934.0,57.24839,-6.20327,NG465253,Minginish and the Cuillin Hills
243,Beinn Tarsuinn,933.8,57.70167,-5.29177,NH039727,Loch Maree to Loch Broom
244,Fionn Bheinn,933.0,57.61118,-5.10271,NH147621,The Fannaichs
245,Maol Chean-dearg,933.0,57.49209,-5.46485,NG924499,Applecross to Achnasheen
246,The Cairnwell,933.0,56.87943,-3.42179,NO134773,Pitlochry to Braemar & Blairgowrie
247,Beinn Chabhair,932.2,56.32572,-4.64166,NN367179,Loch Lomond to Strathyre
248,Meall Buidhe (Glen Lyon),932.1,56.61728,-4.44846,NN498499,Loch Rannoch to Glen Lyon
249,Ben Chonzie,930.4,56.4538,-3.99164,NN773308,Loch Tay to Perth
250,Beinn Bhreac,930.3,57.05485,-3.5538,NO058970,Cairngorms
251,A' Chailleach (Monadh Liath),929.3,57.10934,-4.17862,NH681041,Glen Albyn and the Monadh Liath
252,Blà Bheinn,928.8,57.21963,-6.0939,NG529217,Minginish and the Cuillin Hills
253,Mayar,928.6,56.84896,-3.24683,NO240737,Braemar to Montrose
254,Meall nan Eun,928.1,56.56162,-4.94295,NN192449,Glen Etive to Glen Lochy
255,Ben Hope,927.0,58.41312,-4.60785,NC477501,Durness to Loch Shin
256,Eididh nan Clach Geala,927.0,57.81381,-4.93486,NH257842,Loch Broom to Strath Oykel
257,Beinn Narnain,926.8,56.22091,-4.78931,NN271066,Inveraray to Crianlarich
258,Sgurr nan Eag,926.3,57.19599,-6.21055,NG457195,Minginish and the Cuillin Hills
259,Geal Chàrn (Monadh Liath),926.3,57.05728,-4.37347,NN561987,Glen Albyn and the Monadh Liath
260,Beinn Liath Mhòr,926.0,57.51184,-5.39991,NG964519,Applecross to Achnasheen
261,Seana Bhraigh,926.0,57.84703,-4.89712,NH281878,Loch Broom to Strath Oykel
262,Moruisg,925.7,57.49985,-5.17005,NH101499,Kyle of Lochalsh to Garve
263,Meall a' Choire Leith,925.6,56.56604,-4.25958,NN612438,Glen Lyon to Glen Dochart & Loch Tay
264,Buachaille Etive Beag - Stob Coire Raineach,924.5,56.6504,-4.9515,NN191548,Loch Linnhe to Loch Etive
265,Creag Pitridh,924.5,56.89964,-4.48498,NN487814,Loch Treig to Loch Ericht
266,An Coileachan,924.0,57.66787,-4.94989,NH241680,The Fannaichs
267,Sgurr nan Each,924.0,57.68085,-5.04658,NH184697,The Fannaichs
268,Beinn Alligin - Tom na Gruagaich,921.8,57.58051,-5.58204,NG859601,Loch Torridon to Loch Maree
269,Carn Sgulain,920.3,57.12466,-4.17621,NH683058,Glen Albyn and the Monadh Liath
270,Sgiath Chuil,920.1,56.45276,-4.49629,NN462317,Glen Lyon to Glen Dochart & Loch Tay
271,An Socach (Affric),919.7,57.25715,-5.17072,NH088229,Loch Duich to Cannich
272,Gairich,918.8,57.04461,-5.25646,NN025995,Knoydart to Glen Kingie
273,Ruadh Stac Mor,918.7,57.72676,-5.32934,NH018756,Loch Maree to Loch Broom
274,Sgurr a' Mhadaidh,918.0,57.23121,-6.23281,NG446235,Minginish and the Cuillin Hills
275,Creag nan Damh,917.2,57.14772,-5.33498,NG983112,Glen Shiel to Loch Hourn and Loch Quoich
276,A' Ghlas-bheinn,917.1,57.25553,-5.30326,NH008231,Loch Duich to Cannich
277,Geal-chàrn (Drumochter),917.1,56.87435,-4.30442,NN596782,Loch Ericht to Glen Tromie & Glen Garry
278,Meall na Teanga,916.8,56.98885,-4.9305,NN220924,Loch Arkaig to Glen Moriston
279,Beinn a' Chleibh,916.3,56.39064,-4.83574,NN250256,Inveraray to Crianlarich
280,Ben Vane,915.8,56.24985,-4.78173,NN277098,Inveraray to Crianlarich
281,Càrn Aosda,915.3,56.89558,-3.42405,NO133791,Pitlochry to Braemar & Blairgowrie
282,Beinn Teallach,914.6,56.93574,-4.69452,NN361859,Loch Lochy to Loch Laggan
